[{"name": "Dry-Cleaning", "description": null, "unit": "Unit", "itemType": "Service", "incomeAccount": "Service", "expenseAccount": "Cost of Goods Sold", "tax": "GST-18", "rate": 69, "hsnCode": "999712", "for": "Sales"}, {"name": "Electricity", "description": "Bzz Bzz", "unit": "Day", "itemType": "Service", "incomeAccount": "Service", "expenseAccount": "Utility Expenses", "tax": "GST-0", "rate": 6000, "hsnCode": "271600", "for": "Purchases"}, {"name": "Marketing - Video", "description": "One single video", "unit": "Unit", "itemType": "Product", "incomeAccount": "Sales", "expenseAccount": "Marketing Expenses", "tax": "GST-18", "rate": 15000, "hsnCode": "998371", "for": "Purchases"}, {"name": "Office Rent", "description": "Rent per day", "unit": "Day", "itemType": "Product", "incomeAccount": "Sales", "expenseAccount": "Office Rent", "tax": "GST-18", "rate": 50000, "hsnCode": "997212", "for": "Purchases"}, {"name": "Office Cleaning", "description": "Cleaning cost per day", "unit": "Day", "itemType": "Service", "incomeAccount": "Service", "expenseAccount": "Office Maintenance Expenses", "tax": "GST-18", "rate": 7500, "hsnCode": "998533", "for": "Purchases"}, {"name": "Social Ads", "description": "Cost per click", "unit": "Unit", "itemType": "Service", "incomeAccount": "Service", "expenseAccount": "Marketing Expenses", "tax": "GST-18", "rate": 50, "hsnCode": "99836", "for": "Purchases"}, {"name": "Cool Cloth", "description": "Some real \ud83c\udd92 cloth", "unit": "Meter", "itemType": "Product", "incomeAccount": "Sales", "expenseAccount": "Cost of Goods Sold", "tax": "GST-18", "rate": 4000, "hsnCode": "59111000", "for": "Both"}, {"name": "611 Jeans - PCH", "description": "Peach coloured 611s", "unit": "Unit", "itemType": "Product", "incomeAccount": "Sales", "expenseAccount": "Cost of Goods Sold", "tax": "GST-12", "rate": 4499, "hsnCode": "62034990", "for": "Both"}, {"name": "611 Jeans - SHR", "description": "Shark skin 611s", "unit": "Unit", "itemType": "Product", "incomeAccount": "Sales", "expenseAccount": "Cost of Goods Sold", "tax": "GST-12", "rate": 6499, "hsnCode": "62034990", "for": "Both"}, {"name": "Bominga Shoes", "description": null, "unit": "Unit", "itemType": "Product", "incomeAccount": "Sales", "expenseAccount": "Cost of Goods Sold", "tax": "GST-18", "rate": 4999, "hsnCode": "640291", "for": "Both"}, {"name": "Cryo Gloves", "description": "Keeps hands cool", "unit": "Unit", "itemType": "Product", "incomeAccount": "Sales", "expenseAccount": "Cost of Goods Sold", "tax": "GST-18", "rate": 3499, "hsnCode": "611693", "for": "Both"}, {"name": "Epaulettes - 4POR", "description": "Porcelain epaulettes", "unit": "Unit", "itemType": "Product", "incomeAccount": "Sales", "expenseAccount": "Cost of Goods Sold", "tax": "GST-18", "rate": 2499, "hsnCode": "62179090", "for": "Both"}, {"name": "Full Sleeve - BLK", "description": "Black sleeved", "unit": "Unit", "itemType": "Product", "incomeAccount": "Sales", "expenseAccount": "Cost of Goods Sold", "tax": "GST-12", "rate": 599, "hsnCode": "100820", "for": "Both"}, {"name": "Full Sleeve - COL", "description": "All color sleeved", "unit": "Unit", "itemType": "Product", "incomeAccount": "Sales", "expenseAccount": "Cost of Goods Sold", "tax": "GST-12", "rate": 499, "hsnCode": "100820", "for": "Both"}, {"name": "Jacket - RAW", "description": "Raw baby skinned jackets", "unit": "Unit", "itemType": "Product", "incomeAccount": "Sales", "expenseAccount": "Cost of Goods Sold", "tax": "GST-12", "rate": 8999, "hsnCode": "100820", "for": "Both"}, {"name": "Jade Slippers", "description": null, "unit": "Unit", "itemType": "Product", "incomeAccount": "Sales", "expenseAccount": "Cost of Goods Sold", "tax": "GST-18", "rate": 2999, "hsnCode": "640520", "for": "Both"}]