{
  "name": "POSSettings",
  "label": "POS Settings",
  "isSingle": true,
  "isChild": false,
  "fields": [
    {
      "fieldname": "inventory",
      "label": "Inventory",
      "fieldtype": "Link",
      "target": "Location",
      "create": true,
      "default": "Stores",
      "section": "Default"
    },
    {
      "fieldname": "cashAccount",
      "label": "Counter Cash Account",
      "fieldtype": "Link",
      "target": "Account",
      "default": "Cash In Hand",
      "required": true,
      "create": true,
      "section": "Default"
    },
    {
      "fieldname": "writeOffAccount",
      "label": "Write Off Account",
      "fieldtype": "Link",
      "target": "Account",
      "create": true,
      "default": "Write Off",
      "section": "Default"
    },
    {
      "fieldname": "posUI",
      "label": "Pos Ui",
      "fieldtype": "Select",
      "options": [
        {
          "value": "Classic",
          "label": "Classic"
        },
        {
          "value": "Modern",
          "label": "Modern"
        }
      ],
      "default": "Classic",
      "required": true,
      "section": "Default"
    },
    {
      "fieldname": "isShiftOpen",
      "label": "Is POS Shift Open",
      "fieldtype": "Check",
      "default": false,
      "hidden": true
    },
    {
      "fieldname": "defaultAccount",
      "label": "default Account",
      "fieldtype": "Link",
      "create": true,
      "required": true,
      "target": "Account",
      "section": "Default"
    },
    {
      "fieldname": "weightEnabledBarcode",
      "label": "Weight Enabled Barcode",
      "fieldtype": "Check",
      "default": false,
      "section": "Barcode"
    },
    {
      "fieldname": "checkDigits",
      "label": "Check Digits",
      "fieldtype": "Int",
      "default": 0,
      "section": "Barcode"
    },
    {
      "fieldname": "itemCodeDigits",
      "label": "Item Code Digits",
      "fieldtype": "Int",
      "default": 0,
      "section": "Barcode"
    },
    {
      "fieldname": "itemWeightDigits",
      "label": "item Weight Digits",
      "fieldtype": "Int",
      "default": 0,
      "section": "Barcode"
    },
    {
      "fieldname": "itemVisibility",
      "label": "Item Visibility",
      "fieldtype": "Select",
      "options": [
        {
          "value": "Inventory Items",
          "label": "Inventory Items"
        },
        {
          "value": "Non-Inventory Items",
          "label": "Non-Inventory Items"
        }
      ],
      "default": "Inventory Items",
      "required": true,
      "section": "Default"
    }
  ]
}
