{
  "name": "TaxDetail",
  "label": "Tax Detail",
  "isSingle": false,
  "isChild": true,
  "fields": [
    {
      "fieldname": "account",
      "label": "Tax Invoice Account",
      "fieldtype": "Link",
      "target": "Account",
      "create": true,
      "required": true
    },
    {
      "fieldname": "payment_account",
      "label": "Tax Payment Account",
      "fieldtype": "Link",
      "target": "Account",
      "create": true,
      "required": false
    },
    {
      "fieldname": "rate",
      "label": "Rate",
      "fieldtype": "Float",
      "required": true,
      "placeholder": "0%"
    }
  ],
  "tableFields": ["account", "payment_account", "rate"]
}
