{
  "black": "#1E293B",
  "gray": {
    "25": "#FBFBFB",
    "50": "#F8F8F8",
    "100": "#F3F3F3",
    "200": "#EDEDED",
    "300": "#E2E2E2",
    "400": "#C7C7C7",
    "500": "#999999",
    "600": "#7C7C7C",
    "700": "#525252",
    "800": "#383838",
    "850": "#282828",
    "875": "#212121",
    "890": "#1C1C1C",
    "900": "#171717"
  },
  "red": {
    "50": "#FFF7F7",
    "100": "#FFF0F0",
    "200": "#FCD7D7",
    "300": "#F9C6C6",
    "400": "#EB9091",
    "500": "#E03636",
    "600": "#CC2929",
    "700": "#B52A2A",
    "800": "#941F1F",
    "900": "#6B1515"
  },
  "orange": {
    "50": "#FFF9F5",
    "100": "#FFF1E7",
    "200": "#FCE6D5",
    "300": "#F7D6BD",
    "400": "#F0B58B",
    "500": "#E86C13",
    "600": "#D45A08",
    "700": "#BD3E0C",
    "800": "#9E3513",
    "900": "#6B2711"
  },
  "yellow": {
    "50": "#FFFCEF",
    "100": "#FFF7D3",
    "200": "#F7E9A8",
    "300": "#F5E171",
    "400": "#F2D14B",
    "500": "#EDBA13",
    "600": "#D1930D",
    "700": "#AB6E05",
    "800": "#8C5600",
    "900": "#733F12"
  },
  "green": {
    "50": "#F3FCF5",
    "100": "#E4F5E9",
    "200": "#DAF0E1",
    "300": "#CAE5D4",
    "400": "#B6DEC5",
    "500": "#59BA8B",
    "600": "#30A66D",
    "700": "#278F5E",
    "800": "#16794C",
    "900": "#173B2C"
  },
  "teal": {
    "50": "#F0FDFA",
    "100": "#E6F7F4",
    "200": "#BAE8E1",
    "300": "#97DED4",
    "400": "#73D1C4",
    "500": "#36BAAD",
    "600": "#0B9E92",
    "700": "#0F736B",
    "800": "#115C57",
    "900": "#114541"
  },
  "blue": {
    "50": "#F7FBFD",
    "100": "#EDF6FD",
    "200": "#E3F1FD",
    "300": "#C9E7FC",
    "400": "#70B6F0",
    "500": "#33A1FF",
    "600": "#007BE0",
    "700": "#0070CC",
    "800": "#005CA3",
    "900": "#004880"
  },
  "indigo": {
    "100": "#ebf4ff",
    "200": "#c3dafe",
    "300": "#a3bffa",
    "400": "#7f9cf5",
    "500": "#667eea",
    "600": "#5a67d8",
    "700": "#4c51bf",
    "800": "#434190",
    "900": "#3c366b"
  },
  "purple": {
    "50": "#FDFAFF",
    "100": "#F9F0FF",
    "200": "#F1E5FA",
    "300": "#E9D6F5",
    "400": "#D6C1E6",
    "500": "#9C45E3",
    "600": "#8642C2",
    "700": "#6E399D",
    "800": "#5C2F83",
    "900": "#401863"
  },
  "pink": {
    "50": "#FFF7FC",
    "100": "#FEEEF8",
    "200": "#F8E2F0",
    "300": "#F2D4E6",
    "400": "#E9C4DA",
    "500": "#DF9EB8",
    "600": "#CF3A96",
    "700": "#9C2671",
    "800": "#801458",
    "900": "#570F3E"
  },
  "violet": {
    "50": "#FBFAFF",
    "100": "#F5F2FF",
    "200": "#E5E1FA",
    "300": "#DAD2F7",
    "400": "#BDB1F0",
    "500": "#6846E3",
    "600": "#5F46C7",
    "700": "#4F3DA1",
    "800": "#392980",
    "900": "#251959"
  },
  "cyan": {
    "50": "#F5FBFC",
    "100": "#E0F8FF",
    "200": "#B3ECFC",
    "300": "#94E6FF",
    "400": "#6BD3F2",
    "500": "#34BAE3",
    "600": "#32A4C7",
    "700": "#267A94",
    "800": "#125C73",
    "900": "#164759"
  },
  "amber": {
    "50": "#FDFAED",
    "100": "#FCF3CF",
    "200": "#F7E28D",
    "300": "#F5D261",
    "400": "#F2BE3A",
    "500": "#E79913",
    "600": "#DB7706",
    "700": "#B35309",
    "800": "#91400D",
    "900": "#763813"
  }
}
