{
  "name": "Party",
  "fields": [
    {
      "fieldname": "gstType",
      "label": "GST Registration",
      "placeholder": "GST Registration",
      "fieldtype": "Select",
      "default": "Unregistered",
      "options": [
        {
          "value": "Unregistered",
          "label": "Unregistered"
        },
        {
          "value": "Registered Regular",
          "label": "Registered Regular"
        },
        {
          "value": "Consumer",
          "label": "Consumer"
        }
      ],
      "section": "Billing"
    },
    {
      "fieldname": "gstin",
      "label": "GSTIN No.",
      "fieldtype": "Data",
      "section": "Billing"
    }
  ],
  "quickEditFields": [
    "email",
    "phone",
    "address",
    "defaultAccount",
    "currency",
    "role",
    "gstType",
    "gstin"
  ],
  "removeFields": ["taxId"]
}
